Top queries,Clicks,Impressions,CTR,Position
koncar elektro,462,755,61.19%,1.15
končar elektro,433,644,67.24%,1.01
koncar elektro leskovac,355,608,58.39%,1.05
lunatogel,353,48313,0.73%,9.31
ingco alati,322,6315,5.1%,4.75
koncar,125,886,14.11%,3.1
ingco,101,2246,4.5%,4.93
pumpe za vodu na struju,79,1754,4.5%,4.76
koncar leskovac,73,113,64.6%,1
aparati za varenje,69,2414,2.86%,6.66
aparat za varenje,67,3334,2.01%,7.65
bandar80,64,10737,0.6%,7.86
končar elektro leskovac,55,96,57.29%,1
ingco aku alati,51,1143,4.46%,4.97
pumpa za vodu na struju cena,48,822,5.84%,4.82
pumpa za vodu na struju,47,1252,3.75%,5.15
ingco kolica sa alatom,47,128,36.72%,2.38
inco alat,43,1417,3.03%,5.67
ingco set alata,41,845,4.85%,5.73
elektro koncar leskovac,40,57,70.18%,1
honda trimeri,39,353,11.05%,5.95
agregati za struju,38,2616,1.45%,7.93
ligabandot,38,504,7.54%,13.35
končar,34,388,8.76%,6.04
inverter aparat za varenje,33,784,4.21%,5.41
ingco aparat za varenje,31,257,12.06%,4.11
ingco alat,30,428,7.01%,4.92
kawasaki trimer,29,666,4.35%,6.18
ingco trimer na baterije,29,274,10.58%,4.57
adk kosilice proizvođač,29,256,11.33%,2.27
aparat za zavarivanje,28,843,3.32%,5.43
kolica sa alatom,28,576,4.86%,7.28
ger za metal,26,1259,2.07%,8.13
agregati,26,786,3.31%,5.88
ingco srbija,26,296,8.78%,3.53
inko alati,25,678,3.69%,5.56
hidrofor za vodu cena,23,987,2.33%,8.8
adk trimeri,23,245,9.39%,5.88
kawasaki trimeri,22,344,6.4%,6.13
inverterski agregat,20,184,10.87%,11.58
ingco rs,20,35,57.14%,8
ingco alati setovi,17,465,3.66%,5.13
ingco aku trimer,17,199,8.54%,6.66
inverter agregat,17,151,11.26%,9.66
ingco baterija 8ah,17,60,28.33%,4.05
adk wr65355abk,17,53,32.08%,2.87
daewoo trimer,16,39,41.03%,2.82
ingco udarni odvijac,15,523,2.87%,6.64
ingco trimer,15,468,3.21%,6.81
ingco perac pod pritiskom,15,196,7.65%,6.35
wr65355abk,15,59,25.42%,3.61
pumpa za vodu,14,1083,1.29%,8.92
pumpe za vodu,14,833,1.68%,10.52
milwaukee alati,14,831,1.68%,8.23
ligabandot login,14,667,2.1%,7.01
adk,14,185,7.57%,3.59
agregat inverter,14,110,12.73%,11.35
glodalica za skidanje laka,14,101,13.86%,3.77
adk kosilice,13,516,2.52%,6.23
milwaukee udarni odvijac,13,411,3.16%,5.73
aparat za varenje inverter,13,214,6.07%,5.32
ingco hilti,13,164,7.93%,5.11
ingco pegla za cevi,13,100,13%,3.85
milwaukee udarni odvijac 3 4,13,77,16.88%,4.92
wadfow alati,13,48,27.08%,1.67
hidrofor za vodu,12,935,1.28%,8.7
hidrofori za vodu,12,442,2.71%,7.52
milvoki udarni odvijac,12,436,2.75%,5.67
kawasaki trimeri cena,12,329,3.65%,6.34
dizel agregati,12,246,4.88%,6.5
varstroj co2,12,242,4.96%,5.82
agregat 10kw,12,212,5.66%,7.52
ingco laser,12,136,8.82%,6.44
ingco aku prskalica,12,100,12%,5.07
wilo hidrofor,12,56,21.43%,4.25
super ingco,12,53,22.64%,1.79
stubna busilica,11,878,1.25%,8.99
ingco set aku alata,11,259,4.25%,6.4
hikoki alati,11,231,4.76%,6.51
aku set alata,11,216,5.09%,6.67
ingco duvac lisca,11,175,6.29%,5.62
ingco slajferica,11,79,13.92%,3.94
ckli20273e,11,40,27.5%,3.65
ciak novi sad,10,1050,0.95%,7.62
benzinski perac pod pritiskom,10,376,2.66%,12.84
metabo hidropak,10,256,3.91%,5.95
elektricna pumpa za vodu,10,182,5.49%,4.46
honda trimer,10,182,5.49%,5.99
ingco alati beograd,10,147,6.8%,5.88
ingco aku alati akcija,10,117,8.55%,4.27
inverter agregati,10,110,9.09%,15.66
agregat 20kw,10,92,10.87%,4.55
ingco akcija,10,68,14.71%,4.29
hugong aparati smederevo,10,51,19.61%,1.27
srafilica,9,1139,0.79%,7.59
esterno trade,9,294,3.06%,4.08
dizel agregat,9,245,3.67%,11.2
stubna busilica hitno,9,223,4.04%,6.47
trimer kawasaki,9,218,4.13%,6.5
ingco set,9,170,5.29%,5.38
inverter agregati za struju,9,105,8.57%,4.07
wilo isar boost5,9,94,9.57%,22.64
odc zajecar,9,87,10.34%,4.89
makita velika brusilica,9,53,16.98%,6.26
adk gtb6306u,9,36,25%,3.06
ckli2059e,9,35,25.71%,6.14
wr65828abks,9,29,31.03%,2
trimer adk gtb6306u,9,23,39.13%,3.35
potapajuca pumpa za vodu,8,725,1.1%,9.07
hugong aparati,8,683,1.17%,7.69
hugong aparati za varenje,8,526,1.52%,6.18
aparati za zavarivanje,8,511,1.57%,8.05
rende za drvo,8,488,1.64%,6.14
set alata,8,427,1.87%,9.09
garden master,8,310,2.58%,5.39
ingco srafilica,8,288,2.78%,6.54
baštenska pumpa za vodu,8,272,2.94%,8.02
inverter aparati za varenje,8,263,3.04%,4.72
električne pumpe za vodu,8,226,3.54%,4.87
kavasaki trimer,8,194,4.12%,6.97
hyundai trimeri,8,189,4.23%,8.92
kamperski sto,8,160,5%,7.47
qbrick,8,154,5.19%,8.93
bihui alati,8,143,5.59%,9.68
agregati za struju 10kw,8,126,6.35%,5.45
električna pumpa za vodu,8,122,6.56%,4.8
adk trimeri iskustva,8,102,7.84%,3.99
varstroj smederevo,8,74,10.81%,3.49
končar srbija,8,59,13.56%,3.51
ingco heftalica,8,50,16%,4.2
raider pumpa za vodu,8,45,17.78%,3.18
ckli20275e,8,28,28.57%,2.57
co2 aparat za varenje,7,313,2.24%,11.97
dizel agregati za struju,7,312,2.24%,6.79
ingco brusilica,7,277,2.53%,6.08
tig aparat za varenje,7,269,2.6%,8.71
set aku alata,7,247,2.83%,6.51
ingco kosilica,7,235,2.98%,7.21
akumulatorska brusilica,7,203,3.45%,5.5
ingco aku busilica,7,180,3.89%,7.17
potapajuce pumpe,7,177,3.95%,6.65
inco alati,7,145,4.83%,4.79
setovi aku alata,7,142,4.93%,6.94
ingco pištolj za farbanje,7,128,5.47%,7.3
ingco aku trimer za travu,7,97,7.22%,5.88
elektromaterijal leskovac,7,95,7.37%,2.59
ingco prskalica,7,92,7.61%,4.87
adk trimeri proizvođač,7,89,7.87%,3.33
aparati za varenje inverter,7,77,9.09%,4.97
plastične sklopive klupe,7,64,10.94%,5.53
ingco aku hilti,7,61,11.48%,5.87
ingco aparat za varenje 200a,7,59,11.86%,2.73
ingco alati nis,7,51,13.73%,3.16
cekic busilica,7,48,14.58%,4.5
motorna drobilica za grane,7,47,14.89%,9.74
cosli251193e,7,22,31.82%,3.55
adk wr65828abks,7,11,63.64%,1.27
potapajuće pumpe za vodu,6,485,1.24%,7.76
dizel agregati za struju cena,6,349,1.72%,7.06
abrihter za drvo,6,280,2.14%,7.4
elektricna pumpa za vodu 2 cola,6,250,2.4%,8.49
qbrick koferi,6,203,2.96%,7.28
ingco alati akcija,6,193,3.11%,4.28
ingco usisivac,6,170,3.53%,6.29
ingco baterija,6,139,4.32%,7.16
odc doo,6,137,4.38%,6.31
agregat dizel,6,98,6.12%,5.03
masina za secenje plocica 1200mm,6,85,7.06%,8.28
ingco aku kosilica,6,82,7.32%,6.23
da,6,67,8.96%,3.52
vibro vakum za keramiku,6,67,8.96%,6.87
cdli205582e,6,59,10.17%,5.49
tool experts,6,51,11.76%,4.02
tresaci za voce,6,50,12%,7.44
raider trimer,6,43,13.95%,2.19
aku trimer za travu ingco,6,43,13.95%,5.16
agregat 20 kw cena,6,34,17.65%,4.12
dedra alati,6,33,18.18%,3.45
agregat 10 kw,6,31,19.35%,5.03
varin 1405 mini,6,26,23.08%,3.23
cosli251192e,6,26,23.08%,8.04
gtb6306u,6,25,24%,5.24
ingco 1750nm,6,24,25%,3.67
tool experts d.o.o.,6,22,27.27%,3.32
ingco baterije 8ah,6,18,33.33%,3.89
ger,5,874,0.57%,6.16
hugong,5,313,1.6%,7.57
drobilica za grane,5,289,1.73%,13.9
električno rende za drvo,5,285,1.75%,6.08
ger masina za metal,5,260,1.92%,5.78
varstroj aparati za varenje,5,252,1.98%,8.07
klupa na rasklapanje,5,227,2.2%,7.16
brusilica sa potenciometrom,5,208,2.4%,7.42
najbolji hidrofori za vodu,5,206,2.43%,8.89
ferm alati,5,173,2.89%,8.21
helikopter za beton cena,5,161,3.11%,7.32
drobilica za granje,5,134,3.73%,9.51
akumulatorske testere,5,132,3.79%,9.77
elektro aparati za varenje,5,131,3.82%,5.99
elektro materijal leskovac,5,117,4.27%,3.44
ineco set,5,115,4.35%,5.8
adk traktor kosilica,5,114,4.39%,7.18
benzinske pumpe za vodu,5,110,4.55%,8.88
ingco agregati za struju,5,103,4.85%,6.09
stubna bušilica,5,103,4.85%,8.96
ingco torba za alat,5,96,5.21%,5.52
dolomite prskalica,5,90,5.56%,5.32
ingco maska za varenje,5,89,5.62%,6.9
dizel agregat 10kw,5,78,6.41%,4.64
kompresor 300l,5,78,6.41%,7.24
ingco udarni odvijac 1750,5,76,6.58%,3.84
besumni agregat za struju cena,5,73,6.85%,9.15
bešumni agregati za struju,5,70,7.14%,7.77
metabo hidropak iskustva,5,67,7.46%,5.1
ingco agregat,5,66,7.58%,5.36
dolomite d51s11,5,63,7.94%,4.11
makita hm0871c,5,62,8.06%,8.06
wadfow,5,57,8.77%,3.68
kompresor za vazduh 200l,5,56,8.93%,6.59
aku pegla za cevi,5,53,9.43%,5.28
ingco aku makaze za orezivanje,5,52,9.62%,4.4
ingco diht abrihter,5,48,10.42%,4.15
hyundai kosilice,5,46,10.87%,12.83
kosilica briggs & stratton 500,5,40,12.5%,6.2
elektricne pumpe za vodu,5,37,13.51%,4.59
hugong estick 160 profi,5,37,13.51%,6.27
agregat 100kw,5,36,13.89%,4.36
varmig 1600,5,34,14.71%,5.82
dizel generator,5,31,16.13%,3.87
benzinska drobilica za grane,5,30,16.67%,4.6
cidli209685,5,29,17.24%,5
agregat 50kw cena,5,26,19.23%,6.46
rh1600388,5,25,20%,3.52
cabli20028,5,24,20.83%,3.29
inverter agregat za struju,5,23,21.74%,2.91
cagli27153,5,21,23.81%,2.86
cgsli2058,5,21,23.81%,3.81
masina za uklanjanje panjeva,5,21,23.81%,5.81
agregati za struju valjevo,5,20,25%,5
ingco cstli20018,5,19,26.32%,8.21
adk wr65492n,5,10,50%,5.4
adk gtb5207u,5,6,83.33%,3.83
elektricno rende,4,452,0.88%,7.68
ger masina,4,369,1.08%,6.56
helikopter za beton,4,368,1.09%,9.35
šrafilica,4,321,1.25%,8.23
pojas za trimer,4,260,1.54%,10.27
elektricni pistolj za farbanje,4,259,1.54%,8.3
garden master kosilice,4,215,1.86%,8.03
aparat za varenje elektrodom,4,211,1.9%,9.23
hugong aparat za varenje,4,185,2.16%,6.38
aparat za varenje co2,4,183,2.19%,11.02
ingco aku brusilica,4,171,2.34%,7.39
potapajuće pumpe,4,163,2.45%,8.91
ingco aku testera,4,161,2.48%,7.4
abac kompresori,4,153,2.61%,8.03
wilo-isar boost5,4,135,2.96%,36.19
hyundai trimer,4,134,2.99%,8.7
pumpa za navodnjavanje na struju,4,132,3.03%,7.37
ger za secenje metala,4,130,3.08%,5.39
metabo kragujevac,4,128,3.12%,5.73
trofazni agregat,4,127,3.15%,5.62
invertorski aparati za varenje,4,122,3.28%,4.36
kolica sa dva tocka,4,119,3.36%,6.09
freza dizel,4,119,3.36%,6.24
besumni agregati,4,117,3.42%,8.85
rucni abrihter,4,113,3.54%,6.03
ingco brusilica aku,4,107,3.74%,7.45
ingco duvaljka,4,103,3.88%,5.64
električne pumpe za navodnjavanje,4,102,3.92%,5.54
kompresor 500l,4,94,4.26%,5.7
ingco kompresor,4,86,4.65%,6.3
tarup kosilica,4,86,4.65%,7.13
ingco aku alati setovi,4,84,4.76%,5.85
mig aparati za varenje,4,81,4.94%,6.9
einhell kompresor 50l,4,77,5.19%,6.56
hyundai trimer iskustva,4,75,5.33%,6.01
getout patike,4,74,5.41%,5.81
honda trimeri za travu,4,74,5.41%,6.24
dizel freza,4,73,5.48%,5.85
dizel agregat 10 kw cena,4,72,5.56%,5.56
adk trimer,4,71,5.63%,6.1
hidropak metabo,4,71,5.63%,6.55
bezuljni kompresor,4,71,5.63%,9.38
inco,4,70,5.71%,8.1
dolomite pumpa za vodu,4,64,6.25%,5.75
pumpe za zalivanje na struju,4,64,6.25%,6.94
elektro pumpe za vodu,4,63,6.35%,6.43
ingco makaze za orezivanje,4,62,6.45%,4.63
ingco punjac za baterije,4,60,6.67%,6.18
agregat 10kw cena,4,53,7.55%,7.55
ingco električna kosilica 1600w,4,49,8.16%,4.47
truper kolica,4,48,8.33%,4.6
metabo hidropak hww 4000 25 g,4,48,8.33%,4.71
ingco slicerica,4,48,8.33%,7.35
makita brusilica sa potenciometrom,4,46,8.7%,4.02
wilo hidropak,4,45,8.89%,4.91
trimer honda,4,44,9.09%,5.8
aku setovi alata,4,42,9.52%,5.81
tool experts d.o.o. beograd,4,40,10%,2.8
brusilica ingco,4,40,10%,6.45
springer pumpa za vodu,4,39,10.26%,2.08
varmig 1605d profimig,4,37,10.81%,5.81
adk samohodna kosilica,4,35,11.43%,5.71
benzinski kompresor,4,34,11.76%,6.71
co2 aparat za varenje varstroj,4,32,12.5%,7.41
hugong extreme 160 hobby,4,27,14.81%,7.52
hilti ingco,4,26,15.38%,4.73
honda trimeri iskustva,4,25,16%,4.36
rotor za brusilicu makita,4,22,18.18%,4.18
dizel generatori,4,18,22.22%,4.67
ingco rh1600388,4,16,25%,3.12
trimer hyundai hyx 52,4,16,25%,10.25
ciwli201751,4,15,26.67%,2.07
cosli240968,4,15,26.67%,3.13
ingco električna kosilica 1200w lm321,4,15,26.67%,5.47
daewoo dbc520,4,15,26.67%,5.73
rem power kompresor,4,14,28.57%,4.93
кончар,4,13,30.77%,2.92
gei35006,4,11,36.36%,2.82
trimer daewoo,4,11,36.36%,5.82
ingco pdb170068,4,8,50%,3.88
agregat 100 kw,4,8,50%,5.12
agregat 18kw,4,6,66.67%,2.33
potezni ger za drvo cena,4,6,66.67%,25.5
stona busilica,3,303,0.99%,8
potapajuce pumpe za vodu,3,236,1.27%,8.13
agregat za struju,3,228,1.32%,14.64
dolomite kosacica,3,224,1.34%,7.37
elektricne kosilice za travu 1600w,3,218,1.38%,8.36
ingco alati katalog,3,215,1.4%,4.92
stubne busilice,3,195,1.54%,9.45
hidrofori,3,190,1.58%,7.78
plasticne klupe na rasklapanje,3,180,1.67%,5.33
hidrofori za vodu cena,3,179,1.68%,8.6
potopna pumpa za vodu,3,153,1.96%,8.25
metabo,3,146,2.05%,8.08
elektricna kosacica,3,146,2.05%,8.45
kultivatori,3,140,2.14%,11.52
brusilice,3,135,2.22%,13.41
agregat za struju dizel cena,3,132,2.27%,6.7
automatska maska za varenje,3,124,2.42%,12.21
ingco baterije,3,123,2.44%,7.27
akumulatorske prskalice,3,123,2.44%,8.94
alati ingco,3,121,2.48%,4.27
kolica na dva tocka,3,109,2.75%,5.79
elektro pumpa za vodu,3,107,2.8%,5
ingco aku set,3,105,2.86%,7.16
varstroj maska za varenje,3,101,2.97%,5.6
mig mag aparati,3,101,2.97%,6.5
kompresor 50l,3,101,2.97%,11.54
hikoki,3,100,3%,5.61
alat ingco,3,92,3.26%,4.93
inverterski aparat za varenje,3,91,3.3%,4.87
oprema za zavarivanje,3,90,3.33%,8.7
dolomite,3,88,3.41%,8.78
ingco kosacica,3,87,3.45%,6.64
aparat za varenje akcija,3,87,3.45%,6.72
hilti makita,3,87,3.45%,7.92
ingco ubodna testera,3,84,3.57%,5.02
nosac glave trimera,3,83,3.61%,8.73
mig aparat za varenje,3,82,3.66%,6.8
mini testera,3,81,3.7%,6.31
ger za metal cena,3,80,3.75%,6.66
inco hilti,3,79,3.8%,7.24
akumulatorska testera,3,79,3.8%,9.75
raketa pumpa za vodu 1.5 kw,3,78,3.85%,5.72
ingco alati cena,3,78,3.85%,6.85
freze za bastu,3,75,4%,11.43
ingco testera,3,73,4.11%,7.03
aparat za varenje hugong,3,72,4.17%,6.58
trimer ingco,3,72,4.17%,7.01
bihui,3,72,4.17%,8.26
kompresor 200l,3,72,4.17%,8.71
agregati za struju dizel,3,71,4.23%,7.04
incgo,3,68,4.41%,4.75
ferm brusilica,3,67,4.48%,6
rade koncar aparat za varenje,3,65,4.62%,3.71
makita ger za metal,3,64,4.69%,6.16
rucno rende za drvo,3,64,4.69%,8.16
kompresor 100l,3,63,4.76%,10.68
agregati za struju dizel vojni,3,61,4.92%,6.41
kosačica briggs & stratton,3,60,5%,5.65
električno rende za drvo cena,3,60,5%,7.92
milwaukee odvijac,3,59,5.08%,5.71
gradjevinska kolica sa dva tocka,3,58,5.17%,5.03
ingco srafilica cena,3,58,5.17%,5.9
agregat trofazni,3,57,5.26%,5.56
set aku alata akcija,3,57,5.26%,6.33
bihui alat,3,57,5.26%,9.28
ferm,3,56,5.36%,7.41
motor za vodu na struju,3,55,5.45%,5.51
ingco cirkular,3,54,5.56%,8.11
tko proizvodi adk kosilice,3,53,5.66%,4.92
bešumni agregati,3,53,5.66%,8.17
hugong 160,3,52,5.77%,9.02
akumulatorski perac pod pritiskom,3,51,5.88%,8.71
aku set,3,51,5.88%,9.76
ingco aku,3,50,6%,8.04
vibracioni pistolj za keramiku,3,49,6.12%,5.57
aku trimer ingco,3,49,6.12%,5.92
šlajferice,3,48,6.25%,5.58
ingco sds max,3,48,6.25%,5.69
set aku alata u koferu,3,48,6.25%,6.06
dizel agregat cena,3,44,6.82%,4.55
einhell zirafa,3,44,6.82%,6.3
ingco pistolj za eksere,3,43,6.98%,7.21
ingco trimer iskustva,3,43,6.98%,9.81
ciak kosacice,3,42,7.14%,5.5
ubodna testera ingco,3,42,7.14%,5.55
inverter aparat za zavarivanje,3,42,7.14%,8.45
ingco trimer za zivu ogradu,3,41,7.32%,6.76
ingco 850nm,3,41,7.32%,7.51
jednostepena pumpa za vodu,3,40,7.5%,5.33
ingco zirafa za zidove,3,37,8.11%,5.41
ingco duvac,3,36,8.33%,5.08
hyundai kosacica,3,36,8.33%,5.75
varmig 2005d profimig,3,36,8.33%,7.44
kamperski sto i stolice,3,36,8.33%,7.78
ingco aku alat,3,35,8.57%,4.4
metabo hidropak uputstvo za upotrebu,3,35,8.57%,6.89
stacionarna brusilica,3,35,8.57%,7.71
set alata na baterije,3,34,8.82%,4.29
akumulatorska pumpa za vodu,3,34,8.82%,8.65
raider pumpe za vodu,3,32,9.38%,3.03
agregat za struju 15kw cena,3,31,9.68%,5.13
trofazni agregat 10kw,3,31,9.68%,6.77
kosilice sa briksovim motorom,3,31,9.68%,7.13
esab buddy arc 180,3,31,9.68%,43.45
trimer 3 ks,3,30,10%,6.23
dolomite trimer,3,30,10%,8.4
ats agregat,3,29,10.34%,5.45
aku vibro igla,3,28,10.71%,5.04
kawasaki trimeri srbija,3,27,11.11%,4.22
wilo hisewlift 3-35,3,27,11.11%,31.78
ciwli20401,3,26,11.54%,4.27
hidrofor 50l,3,25,12%,4.08
ingco stemalica,3,25,12%,6.04
inco laser,3,24,12.5%,5.83
cirli2028e,3,23,13.04%,6.26
wilo isar boost5-e-3,3,23,13.04%,27.83
makita aku trimer 18v,3,22,13.64%,5.55
ingco beograd,3,21,14.29%,7.1
glm141182,3,20,15%,4.2
daewoo alati,3,18,16.67%,3.94
ingco csli1402,3,18,16.67%,4
ingco aparat za varenje 160a,3,18,16.67%,4.72
varin 1805 lcd,3,18,16.67%,5.33
hyundai kosilica,3,16,18.75%,7.81
ingco 200a,3,15,20%,3.73
wilo sololift,3,15,20%,4
ingco cgtli203285,3,14,21.43%,4.21
adk maschinen,3,14,21.43%,5.71
bosch gdx 18 v-li,3,13,23.08%,5.69
cdsli20428,3,12,25%,2.33
crhli20286,3,12,25%,5.08
cagli27153e,3,11,27.27%,4.27
cssli20308,3,11,27.27%,6.73
hkissd12203l,3,10,30%,6.3
gde kupiti,3,9,33.33%,3.67
električna građevinska kolica,3,9,33.33%,5
kassmayer kompresor 50l,3,8,37.5%,2.12
ingco 55nm,3,8,37.5%,6.12
hidrofor wilo,3,7,42.86%,3
getout cipele,3,7,42.86%,5.43
cpwli4006,3,6,50%,4.5
metabo p 3300 g,3,6,50%,4.83
15kw agregat,3,6,50%,7
adk 7hp,3,4,75%,1
a d k,3,3,100%,2
metabo centar,2,290,0.69%,4.7
potezni ger,2,258,0.78%,7.52
metabo pumpa za vodu,2,245,0.82%,6.49
ingco alati iskustva,2,227,0.88%,7.81
električni pištolj za farbanje,2,202,0.99%,7.81
potapajuca pumpa,2,198,1.01%,8.33
slicerica,2,197,1.02%,8.35
ridgid,2,185,1.08%,6.29
ineco alat,2,158,1.27%,6.13
setovi alata,2,152,1.32%,7.16
šlajferice za drvo,2,130,1.54%,8.25
inco trimer,2,124,1.61%,7.15
freze,2,119,1.68%,9.07
kopac kanala,2,118,1.69%,7.98
slajferice,2,116,1.72%,7.34
dolomite kosilice zemlja porekla,2,113,1.77%,5.73
aku alati setovi,2,113,1.77%,6.11
elektro pumpe za navodnjavanje,2,111,1.8%,8.52
bosch zirafa,2,105,1.9%,7.11
dolomite servis,2,104,1.92%,6.34
metabo servis kragujevac,2,104,1.92%,9.95
aparat za varenje cena,2,104,1.92%,16.31
varcom,2,103,1.94%,4.27
čekić bušilica,2,103,1.94%,5.92
metabo alati,2,103,1.94%,11.5
milwaukee srbija,2,98,2.04%,8.92
potapajuce pumpe za vodu cena,2,97,2.06%,8.76
udarni cekic,2,96,2.08%,8.25
co2 aparati za varenje,2,96,2.08%,14.82
plasticni sto na rasklapanje,2,96,2.08%,18
metabo pumpe za vodu,2,95,2.11%,6.45
adapter za udarni odvijac,2,92,2.17%,4.48
garden master trimeri,2,92,2.17%,6.21
makita,2,90,2.22%,11.12
c.i.a.k. doo novi sad,2,89,2.25%,7.72
rucni abrihter za drvo cena,2,86,2.33%,5.24
ciak doo,2,83,2.41%,7.9
gardenmaster,2,82,2.44%,6.04
abrihter za drvo cena,2,80,2.5%,7.84
ingco kosilica iskustva,2,79,2.53%,6.09
agregat na dizel,2,75,2.67%,4.09
akumulatorska kosilica,2,73,2.74%,9.15
ger za brusilicu,2,71,2.82%,5.37
kosačica sa prednjom kosom,2,71,2.82%,6.79
ridgid alati,2,71,2.82%,8.13
dizel agregat za struju,2,68,2.94%,7.35
elektro aparat za varenje,2,66,3.03%,4.67
ingco alati srbija,2,64,3.12%,4.05
tarup kosilica za travu,2,64,3.12%,8.47
dolomit kosacice cena,2,62,3.23%,7.58
ingco pumpa za vodu,2,61,3.28%,6.9
aku duvaljka za prasinu,2,60,3.33%,5.3
kosacice sa briksovim motorom,2,59,3.39%,5.12
nexico,2,59,3.39%,7.27
pneumatski cekic,2,59,3.39%,9.78
besumni agregat,2,58,3.45%,7.67
nosac glave trimera villager bc 1250 s,2,58,3.45%,8.24
incko alat,2,55,3.64%,4.51
plasticna klupa,2,55,3.64%,8
nakayama,2,54,3.7%,8.22
getout radne cipele,2,54,3.7%,9.52
potapajuće pumpe za vodu cena,2,53,3.77%,9.25
burgija za klime,2,53,3.77%,9.64
ingko,2,52,3.85%,4.4
traktorski tresac za voce cena,2,52,3.85%,5.31
prsluk za alat,2,51,3.92%,5.92
mini aparat za varenje,2,51,3.92%,6
akumulatorski set alata,2,49,4.08%,3.78
varcom s,2,49,4.08%,4.18
akumulatorske brusilice,2,49,4.08%,5.41
aparat za zavarivanje inverter,2,48,4.17%,7.1
bihui alati za keramiku,2,48,4.17%,9
inco srafilica,2,47,4.26%,5.66
bunarska pumpa,2,47,4.26%,8.06
qbrick system,2,47,4.26%,8.85
muljača za grožđe,2,47,4.26%,19.19
ingco mikser za lepak,2,46,4.35%,7.07
kosilice za travu sa briksovim motorom,2,46,4.35%,7.11
cena,2,45,4.44%,4.67
kombinovani aparat za varenje,2,45,4.44%,6.33
kopač kanala,2,45,4.44%,6.6
pegla za cevi za vodu,2,45,4.44%,7.71
inko udarni odvijac,2,45,4.44%,8.11
hugong co2 aparati,2,45,4.44%,9.33
trofazni agregat 5kw,2,44,4.55%,6.27
akumulatorska ledjna prskalica,2,44,4.55%,9.7
ručni frezer za drvo cena,2,44,4.55%,10.23
milwaukee,2,44,4.55%,14.61
binzel pistolj za co2,2,43,4.65%,6.37
ingco glodalica,2,42,4.76%,4.21
rucna kolica sa dva tocka cena,2,42,4.76%,6.62
varstroj co2 160a,2,41,4.88%,5.85
agregati dizel,2,41,4.88%,6.37
ciak alati,2,40,5%,7.55
baterijske prskalice,2,40,5%,8.55
get out patike,2,39,5.13%,5.56
makita potezni ger,2,39,5.13%,7.08
hyundai trimeri za travu,2,39,5.13%,8.28
villager pegla za cevi,2,38,5.26%,6.74
aku brusilica ingco,2,38,5.26%,7.63
inverterski agregati,2,38,5.26%,19.03
poljobit doo,2,37,5.41%,5.35
wilo pumpe za vodu cena,2,37,5.41%,9.24
agregati prodaja,2,37,5.41%,9.27
ingco renovator,2,36,5.56%,6.33
vibro vakum za keramiku bosch,2,36,5.56%,7.17
hugong 160 profi,2,36,5.56%,7.19
sklopiva klupa,2,36,5.56%,11.69
agregat 15 kw cena,2,35,5.71%,5.46
kompresor za vazduh 500l,2,35,5.71%,7.49
brusilica za zidove,2,35,5.71%,13.8
ats uredjaj,2,34,5.88%,4.62
produzetak za gedoru,2,34,5.88%,5.15
cedrb02pro,2,33,6.06%,4.12
bešumni agregat,2,33,6.06%,14.06
bosch pex 220 a,2,32,6.25%,6.84
milvoki baterije,2,32,6.25%,7.97
agregat 50kw,2,32,6.25%,9
punjac pretvarac napona za centralno grejanje cena,2,31,6.45%,9.71
tresac voca,2,30,6.67%,6.57
rende elektricno,2,30,6.67%,7.83
solo lift cena,2,30,6.67%,8.47
hyundai agregat,2,28,7.14%,5.46
pvc klupa,2,28,7.14%,5.79
metabo hww 6000/25 inox,2,28,7.14%,6.36
aku busilica ingco,2,28,7.14%,6.43
hikoki aku alati,2,28,7.14%,7.89
agregat besumni,2,28,7.14%,8.32
lmli20186,2,27,7.41%,4.15
trimer kavasaki,2,27,7.41%,6.63
aku pumpe za vodu,2,27,7.41%,7.3
inverterski agregati za struju,2,26,7.69%,3.04
dah solar,2,26,7.69%,4.15
dizel agregat 5kw,2,26,7.69%,6.73
pistolj za co2 varstroj,2,26,7.69%,6.73
dizel kosacice,2,26,7.69%,7.65
automatska sklopka za agregat,2,26,7.69%,8.08
ac dc aparat za varenje,2,26,7.69%,9.27
qubrick,2,25,8%,6.24
ingco co2 aparat za varenje,2,25,8%,6.44
ats cena,2,25,8%,22.24
agregat 20kw cena,2,24,8.33%,3.71
ingco set gedora,2,24,8.33%,4.92
hyundai kosilica za travu,2,24,8.33%,5.04
hugong akcija,2,24,8.33%,5.25
hugong extremig 200 cena,2,24,8.33%,6.88
štemarica,2,24,8.33%,7.08
vibrator za keramiku,2,24,8.33%,11.75
duvac na baterije,2,23,8.7%,7.04
kolica sa alatom cena,2,23,8.7%,9.39
aparat za zavarivanje rade koncar,2,23,8.7%,9.61
milwaukee baterija,2,22,9.09%,7.14
metabo kgs 254 m,2,22,9.09%,7.27
stitnici za usi,2,22,9.09%,9
agregat za struju 20kw cena,2,21,9.52%,4.19
inco set alata,2,21,9.52%,4.71
hugong aparati za varenje cena,2,21,9.52%,6.71
adk alati,2,20,10%,4.5
cabli20323,2,20,10%,4.85
ger mašina za metal,2,20,10%,5.9
hm0871c makita,2,20,10%,7.55
metabo pumpa,2,20,10%,10.35
cagli221253,2,19,10.53%,4.26
agregat 25kw,2,19,10.53%,6.21
metabo hc 260 c,2,19,10.53%,8
set ručnog alata,2,19,10.53%,8.79
bihui alat za keramiku,2,19,10.53%,9.11
agregati za struju 20kw,2,18,11.11%,4.33
cgsli40168,2,18,11.11%,4.33
agregat za struju 3kw cena,2,18,11.11%,9
agregat agm agp 2300s,2,17,11.76%,7.06
krunaste burgije za metal,2,17,11.76%,7.35
vibracioni vakum za keramiku,2,17,11.76%,7.35
varstroj 1605,2,16,12.5%,5.88
renovator ingco,2,16,12.5%,6.31
ridgid srbija,2,16,12.5%,7.19
mikser za lepak akcija,2,16,12.5%,22.56
cpwli2036,2,15,13.33%,3.53
ats orman,2,15,13.33%,3.6
adk kosilica 7ks,2,15,13.33%,4.27
metabo kgs 216 m cena,2,15,13.33%,8.33
kompresor 6l,2,15,13.33%,8.4
htz oprema leskovac,2,15,13.33%,8.93
cidli209681,2,14,14.29%,2.86
cidli201668e,2,14,14.29%,3.79
bosch gal 1880 cv,2,14,14.29%,4.64
ckli20277e,2,14,14.29%,5.79
benzinska seckalica za grane,2,14,14.29%,5.86
hugong estick 200,2,14,14.29%,8
freza kopacica dizel,2,13,15.38%,3.46
varmig 191 supermig,2,13,15.38%,4.62
aparat za varenje mma,2,13,15.38%,6.23
elektricna dizalica sa sajlom,2,13,15.38%,13.46
fbcpk2013e,2,12,16.67%,3
hugong emig 251 lcd,2,12,16.67%,3.08
agregat za struju 15kw,2,12,16.67%,4.08
agregati za struju 15 kw,2,12,16.67%,4.25
trofazni agregat 15kw,2,12,16.67%,4.83
kawasaki 45 trimer,2,12,16.67%,7
uljni kompresori,2,12,16.67%,7.25
scheppach 15t,2,12,16.67%,8.42
tig aparati za zavarivanje,2,12,16.67%,8.5
indukcioni motor za kosilicu,2,12,16.67%,9.42
metabo p4000g,2,12,16.67%,25.17
crsli6508,2,11,18.18%,3.09
ingco 9 u 1,2,11,18.18%,5.18
varstroj varin 1605 lcd,2,11,18.18%,5.18
cosli250695e,2,11,18.18%,6.09
milwaukee baterija 12ah,2,11,18.18%,7.09
drobilica za grane cena,2,11,18.18%,11
adk 7hp kosilica,2,10,20%,3.7
ingco rh15008,2,10,20%,5
tpli2001,2,10,20%,5.2
hm0871c,2,10,20%,6.9
automatika za agregat,2,10,20%,9.8
kompresor 50l akcija,2,10,20%,14.5
m9204,2,10,20%,15.4
akumulatorska prskalica,2,10,20%,24.6
cedrus cedrb02,2,9,22.22%,4.44
cirli2028,2,9,22.22%,4.44
kapro laser 360,2,9,22.22%,5.67
dhr243z makita,2,9,22.22%,7.33
aku lampa,2,9,22.22%,8.56
metabo busilica,2,9,22.22%,9.44
samohodna kosilica briggs & stratton,2,9,22.22%,9.56
daewoo trimmer dbc520,2,8,25%,4.5
daihen varstroj varmig 2005d profimig,2,8,25%,5.75
ingco cpwli4006,2,8,25%,5.75
benzinski agregat za struju,2,8,25%,7.25
končar proizvodi,2,7,28.57%,3
makita m9511rb,2,7,28.57%,3.43
dolomite d51s11e,2,7,28.57%,4.14
metabo fsd 36-18 ltx bl 40,2,7,28.57%,4.57
agregat 80 kw,2,7,28.57%,4.86
tp15003,2,7,28.57%,5.43
spg5008-2,2,7,28.57%,6.43
makita drobilica za grane,2,7,28.57%,8.43
agregat za struju 25 kw,2,6,33.33%,1.5
wr69151,2,6,33.33%,3.17
rh15008,2,6,33.33%,3.67
ingco cidli201668,2,6,33.33%,4.17
htc041201,2,6,33.33%,5.33
makita pw5000ch,2,6,33.33%,6.83
bosch gex 125-150 ave,2,6,33.33%,8.67
bosch gra 18v2-46,2,6,33.33%,16.5
crhli20268 ingco,2,5,40%,2.4
ingco spd7508,2,5,40%,4.2
ciak trimeri,2,5,40%,5.6
makita dga504z,2,5,40%,6.8
agregat 11kw,2,5,40%,9.2
makita af353,2,5,40%,12.6
ingco cidli209681,2,5,40%,14.8
elektro ormani,2,5,40%,41.6
metabo kb 18 bl,2,4,50%,1
agregat za struju 10 kw,2,4,50%,3.75
ahm006,2,4,50%,3.75
bosch 1618596457,2,4,50%,5.5
scheppach zirafa,2,4,50%,7.25
ingco ag900285,2,4,50%,11.5
cstli202522 ingco,2,3,66.67%,1.33
ad k,2,3,66.67%,2
hem3328,2,3,66.67%,2.33
metabo ssd 18 lt 200 bl,2,3,66.67%,2.33
cdli206681,2,3,66.67%,3.33
cgsli20662,2,3,66.67%,3.33
ingco 8ah,2,3,66.67%,4.33
qbrick kutije za alat,2,3,66.67%,23.67
gde moze da se kupi u srbiji,2,2,100%,2.5
ciwli2001,2,2,100%,8
e koncar,1,869,0.12%,5.76
puromat,1,705,0.14%,18
ecomex cacak,1,593,0.17%,5.67
puromat za pranje,1,360,0.28%,37.32
agregat,1,284,0.35%,20.83
bosch professional,1,265,0.38%,6.15
elektro,1,211,0.47%,8.71
makita hilti,1,204,0.49%,8.81
garden master valjevo,1,202,0.5%,4.6
bandar80 login,1,182,0.55%,6.65
elektricne kosacice,1,161,0.62%,8.63
varstroj,1,133,0.75%,9.23
dolomit kosacice,1,132,0.76%,8.56
makita hilti cena,1,127,0.79%,7.62
ko proizvodi garden master,1,117,0.85%,5.66
mesac,1,107,0.93%,12.5
hugong co2 aparati cena,1,106,0.94%,7.68
ingco baterija i punjac,1,104,0.96%,5.7
pištolj za farbanje na struju,1,100,1%,7.82
perac pod pritiskom benzinski,1,97,1.03%,4.09
koncar registracija garancije,1,96,1.04%,6.11
drobilica,1,96,1.04%,17.44
hidrofor za vodu cena srbija,1,95,1.05%,9.06
kompresori,1,93,1.08%,9.3
aku pistolj za farbanje,1,92,1.09%,8.61
bosch slicerica,1,89,1.12%,8.21
frezer,1,89,1.12%,8.46
ingco polirka,1,86,1.16%,7.13
milvoki alati,1,84,1.19%,8.14
velika brusilica,1,84,1.19%,9.3
makita trimer na baterije,1,82,1.22%,9.66
ciak doo novi sad,1,78,1.28%,6.6
elektricno rende za drvo,1,78,1.28%,6.95
električne kosačice,1,77,1.3%,7.03
oprema za varenje,1,77,1.3%,7.47
nexico doo,1,77,1.3%,8.14
verto,1,76,1.32%,5.63
trimer za travu sa točkićima,1,75,1.33%,8.56
kosacica samohodna,1,73,1.37%,8.84
metabo centar kragujevac,1,70,1.43%,5.09
ingco set alata 9 u 1,1,70,1.43%,6.09
poljobit,1,70,1.43%,8.03
nosač glave trimera,1,70,1.43%,8.39
bavaria trimer,1,69,1.45%,6.94
potapajuca pumpa za vodu cena,1,69,1.45%,12.35
kosa za trimer,1,68,1.47%,7
ingco odvijac,1,68,1.47%,7.71
ferm srafilica,1,67,1.49%,4.46
ingco aparat za varenje iskustva,1,67,1.49%,5.67
mig mag aparati za varenje,1,67,1.49%,5.99
agregat 15 kw,1,66,1.52%,6.15
duvac lisca na baterije,1,66,1.52%,7.76
vakum pumpa za vodu elektricna,1,66,1.52%,7.83
ingco katalog,1,65,1.54%,5.37
ugaoni adapter za busilicu,1,65,1.54%,7.62
ingco kosilica za travu,1,65,1.54%,8.38
električna kosačica,1,65,1.54%,9.75
brusilica bosch,1,65,1.54%,12.75
garden master iskustva,1,64,1.56%,6.64
ingco udarna busilica,1,64,1.56%,6.84
akumulatorske busilice,1,64,1.56%,7.36
ručno rende za drvo,1,64,1.56%,7.48
makita aku trimer,1,64,1.56%,7.64
solo lift,1,64,1.56%,7.91
makita radio cena,1,64,1.56%,9.03
potopna pumpa,1,63,1.59%,7.51
agregati za struju cena,1,63,1.59%,16.98
mini brusilica na baterije,1,62,1.61%,4.97
inko alat,1,62,1.61%,5.16
aku trimer za travu makita,1,62,1.61%,9.02
inverter agregati za struju iskustva,1,61,1.64%,6.46
inko trimer,1,60,1.67%,6.33
cepac za drva,1,60,1.67%,28.62
ger mašina,1,59,1.69%,6.47
nakayama trimer,1,59,1.69%,8.64
grejalica na baterije,1,58,1.72%,7.48
pumpa potapajuca za vodu,1,58,1.72%,9.59
srafilica ingco,1,57,1.75%,6.33
varstroj co2 aparati,1,57,1.75%,7.23
bosch slajferica,1,57,1.75%,7.81
električne kosačice cena,1,57,1.75%,9.3
wilo isar boost,1,57,1.75%,38.09
kamperski stolovi,1,56,1.79%,7.59
pojas za trimer cena,1,56,1.79%,9.3
пумпа,1,55,1.82%,8.13
agregat 2kw,1,54,1.85%,7.43
nexico doo beograd,1,54,1.85%,7.96
potapajuća pumpa,1,54,1.85%,8.56
ingco udarni odvijac 850nm,1,54,1.85%,8.7
inko aku alati,1,53,1.89%,5.28
set rucnog alata,1,53,1.89%,7.19
potapajuća pumpa za vodu,1,53,1.89%,11.15
ingco motorna testera,1,51,1.96%,6.35
industrijske masine,1,51,1.96%,6.94
nosac glave trimera villager,1,51,1.96%,7.35
reca alati,1,50,2%,6.68
stoni ger za metal cena,1,49,2.04%,9
stubna busilica cena,1,49,2.04%,9.45
varstroj aparati za varenje co2,1,47,2.13%,7.26
industrijska oprema,1,47,2.13%,7.85
rade končar fabrika,1,47,2.13%,9.4
električne kosačice za travu,1,46,2.17%,7.67
guma za vibro ploču,1,45,2.22%,6.93
sololift,1,45,2.22%,8.69
tig aparati,1,45,2.22%,8.89
ingo alati,1,44,2.27%,4.34
ingco lampa,1,44,2.27%,6.55
mig mag,1,44,2.27%,9.86
rem power,1,44,2.27%,31.89
briggs kosacica,1,43,2.33%,6.95
ručne prskalice,1,42,2.38%,8.29
ingco baterija 4ah,1,42,2.38%,8.4
hugong extreme 160,1,42,2.38%,12.93
agregat za struju 10kw,1,41,2.44%,5.2
dizel freze,1,41,2.44%,7.71
abac kompresor 200l,1,40,2.5%,8.15
trimer hyundai,1,40,2.5%,9.35
agregat 15kw,1,39,2.56%,4.67
ingco benzinski trimer,1,39,2.56%,6
tresac,1,39,2.56%,6.79
milwaukee alat,1,39,2.56%,7.77
vibro igla,1,39,2.56%,10.56
kosilica tarup,1,38,2.63%,6.71
plastične klupe,1,38,2.63%,7.42
slajferice za drvo,1,38,2.63%,7.68
agrina,1,38,2.63%,8.03
dizel pumpe za vodu,1,38,2.63%,8.34
kasei,1,37,2.7%,4.68
ingco motorne testere,1,37,2.7%,6.86
plastični sklopivi stolovi,1,37,2.7%,8.54
el pumpa za vodu,1,36,2.78%,4.83
ingco gedore,1,36,2.78%,5.67
metabo mfe 40,1,36,2.78%,6.28
ingco setovi,1,36,2.78%,6.42
pumpe potapajuce za vodu,1,36,2.78%,6.5
truper alati,1,36,2.78%,8.28
ingco masina za secenje plocica,1,35,2.86%,6.2
udarni cekic busilica,1,35,2.86%,6.6
ingco kofer za alat,1,35,2.86%,7.26
tyrolit,1,35,2.86%,8.83
agregati za struju 3kw,1,35,2.86%,8.86
agregat honda,1,35,2.86%,10.31
milvoki alat,1,35,2.86%,11.31
benzinski agregat,1,34,2.94%,5.97
bosch električni trimer za travu afs 23 37,1,34,2.94%,6.15
nove freze dizel,1,34,2.94%,6.38
elektricne kosacice za travu,1,34,2.94%,6.94
ligabandot slot login,1,34,2.94%,6.97
cstli20018,1,34,2.94%,7.21
sakupljac voca,1,34,2.94%,8.91
najbolji akumulatori za traktore,1,34,2.94%,8.94
divinol,1,33,3.03%,4.15
adapter za udarni odvijač,1,33,3.03%,5.15
ingco makaze,1,33,3.03%,5.45
pumpa za vodu metabo,1,33,3.03%,5.7
vibro cekic za keramiku,1,33,3.03%,7.58
neo tools alati,1,33,3.03%,8.94
mig mag aparat za varenje,1,32,3.12%,5.72
rotor za brusilicu,1,32,3.12%,6.41
kawasaki trimer cena,1,32,3.12%,7.19
sklopivi stolovi plasticni,1,32,3.12%,7.81
električna pumpa za navodnjavanje,1,32,3.12%,7.88
ingco aku cirkular,1,32,3.12%,8.09
agregat trofazni 10kw,1,32,3.12%,8.56
metabo p 4000 g,1,32,3.12%,9.91
cstli202522,1,31,3.23%,5.39
aparati za zavarivanje inverter,1,31,3.23%,5.74
ugaona brusilica sa potenciometrom,1,31,3.23%,6.42
elektro maschinen kompresor,1,31,3.23%,7.23
ineco alati,1,31,3.23%,7.32
sololift pumpa,1,31,3.23%,8
bihui srbija,1,31,3.23%,8.71
elektricna kosacica cena,1,31,3.23%,10.9
villager,1,31,3.23%,11.55
agregat 4kw,1,30,3.33%,4.47
ingco mesac za lepak,1,30,3.33%,5.97
pneumatska busilica,1,30,3.33%,8.4
uljni kompresor 50l,1,29,3.45%,6.17
kompresor 300 litara,1,29,3.45%,6.93
elektricni kompresor,1,29,3.45%,7.21
makita radio,1,29,3.45%,7.83
japanski trimeri,1,29,3.45%,7.93
makita hs7601,1,29,3.45%,8.72
inco alati cena,1,29,3.45%,19.17
aparat za varenje ingco,1,28,3.57%,5.29
brusilica akumulatorska,1,28,3.57%,5.29
co2 varstroj,1,28,3.57%,6.11
ingco aku usisivac,1,28,3.57%,6.5
milwaukee udarni odvijac m18,1,28,3.57%,6.5
einhell zirafa za zidove,1,28,3.57%,6.82
aparat za varenje mig mag,1,28,3.57%,7.07
ingco alati novi sad,1,28,3.57%,7.71
kosacica elektricna,1,28,3.57%,8.54
akumulatorski usisivač,1,28,3.57%,8.68
epm3,1,27,3.7%,3.93
ingco kosilica na baterije,1,27,3.7%,3.93
milwaukee udarni odvijac 1 col,1,27,3.7%,4.78
adk freza,1,27,3.7%,4.96
inco kompresor,1,27,3.7%,6.96
inko hilti,1,27,3.7%,7.11
ferm odvijac,1,27,3.7%,7.41
makita ls0816f,1,27,3.7%,7.44
dolomite rs,1,27,3.7%,7.63
hikoki alati iskustva,1,27,3.7%,7.74
samohodna rotaciona kosacica,1,27,3.7%,8
ingco kosilice,1,27,3.7%,8.41
uljni kompresor,1,26,3.85%,4.73
trimer za travu kawasaki,1,26,3.85%,4.92
cgtli20328,1,26,3.85%,5
bezuljni kompresor 50l,1,26,3.85%,5.5
mipal,1,26,3.85%,5.54
incco alati,1,26,3.85%,5.65
udarni čekić bušilica,1,26,3.85%,6.04
pvc klupe,1,26,3.85%,6.15
varstroj 1600,1,26,3.85%,6.54
aku trimer makita,1,26,3.85%,8.08
dah solar 590w,1,25,4%,3.88
makita vc4210l,1,25,4%,7.08
ats sklopka,1,25,4%,7.16
vibro za keramiku,1,25,4%,7.56
varstroj aparat za varenje,1,25,4%,7.8
stone busilice,1,25,4%,7.92
laseri,1,25,4%,8.48
tig aparat,1,25,4%,8.84
cevasti kljucevi,1,25,4%,19.6
rotaciona slajferica,1,25,4%,23.32
ingco alati set,1,24,4.17%,5.92
makita baterija 18v 6.0 ah cena,1,24,4.17%,6.38
cetkice za makita brusilice,1,24,4.17%,6.71
mali aparati za varenje,1,24,4.17%,8.5
aku rotaciona brusilica,1,24,4.17%,8.71
elektricna slajferica,1,24,4.17%,9.96
makita laser cena,1,24,4.17%,10.04
hyundai kosilice iskustva,1,23,4.35%,4.96
milvoki aku odvijac,1,23,4.35%,7
kultivator dizel,1,23,4.35%,7.17
freza dizelka,1,23,4.35%,7.35
plasticne klupe,1,23,4.35%,7.65
aparat za varenje hugong 160,1,23,4.35%,7.78
udarni odvijac ingco,1,23,4.35%,7.87
aparat za varenje mali,1,23,4.35%,8.57
bunarska pumpa za vodu,1,23,4.35%,9.35
graphite alati,1,23,4.35%,11.39
filter za vodu 1 col,1,23,4.35%,11.78
elektro dizalica,1,23,4.35%,15
alati leskovac,1,22,4.55%,2.64
akumulatorske lampe,1,22,4.55%,3.09
scheppach masina za krecenje,1,22,4.55%,3.95
ingco alat set,1,22,4.55%,4.82
milwaukee udarni odvijac za kamione,1,22,4.55%,5.18
trimeri kawasaki,1,22,4.55%,5.45
dedra,1,22,4.55%,5.91
ctvli2001,1,22,4.55%,6.36
hyundai testere,1,22,4.55%,6.36
ats sklopka za agregat,1,22,4.55%,6.41
ingco šrafilica,1,22,4.55%,6.41
inko set alata,1,22,4.55%,6.41
metabo aku brusilica,1,22,4.55%,7.82
makita trimer za zivu ogradu,1,22,4.55%,8.05
potapajuća pumpa za čistu vodu,1,22,4.55%,8.36
akumulatorska kosacica,1,22,4.55%,8.55